_id,AARE,currentPrediction,thd,start,timing,isAnomally
65457839db9a5ae40af144f0,0.0679300374186266,554.9758780510555,0.14603559979482988,1699051576462.0,549,
65457843db9a5ae40af144f9,0.01316001586869799,563.7165579396398,0.15082950491406338,1699051586453.0,575,
6545784ddb9a5ae40af14502,0.03940783044391244,564.7043592509756,0.1416378573275921,1699051596485.0,619,
65457857db9a5ae40af1450b,0.081298426461495,570.5515195362314,0.1444681373424466,1699051607144.0,502,
65457861db9a5ae40af14514,0.11625070068924151,565.6135406902977,0.16529608053533934,1699051616935.0,503,
6545786bdb9a5ae40af1451d,0.12591323443310104,553.8845348821329,0.1827519322814581,1699051626943.0,496,
65457875db9a5ae40af14526,0.08182758426387791,553.3692235859385,0.1785465557573976,1699051636966.0,551,
6545787fdb9a5ae40af1452f,0.05110794120541621,557.3829479016193,0.1732847012226037,1699051646965.0,576,
65457889db9a5ae40af14538,0.020045130685271452,564.9798713732721,0.1731122121846223,1699051656969.0,552,
65457893db9a5ae40af14541,0.021902055221073195,565.5275555579428,0.1713884574886969,1699051666976.0,560,
6545789ddb9a5ae40af1454a,0.03382242204337475,563.8101652600221,0.16770874102216093,1699051676991.0,605,
654578a7db9a5ae40af14553,0.03631903484525286,568.0832580750424,0.16403601170623505,1699051686994.0,551,
654578b1db9a5ae40af1455c,0.06325139884080873,568.2378857209256,0.16101657999454047,1699051697015.0,521,
654578bbdb9a5ae40af14565,0.05286711620719908,560.5070172821385,0.1577051954413496,1699051707022.0,582,
654578c5db9a5ae40af1456e,0.07682504303575713,562.4677180990035,0.15671122496916062,1699051717029.0,510,
654578cfdb9a5ae40af14577,0.08248034465999429,562.6778849464127,0.15653200464550382,1699051727033.0,508,
654578d9db9a5ae40af14580,0.07453094982989729,555.168573815795,0.1552069443775368,1699051737071.0,548,
654578e3db9a5ae40af14589,0.0574245673505168,558.3776862604858,0.15279071280681797,1699051747108.0,531,
654578eddb9a5ae40af14592,0.022166918390481825,561.0419835463364,0.15222803454360845,1699051757082.0,560,
654578f8db9a5ae40af1459b,0.02614695329771716,561.7117512032899,0.15103559357277074,1699051767473.0,548,
65457901db9a5ae40af145a4,0.05138451714260618,563.6357113610113,0.14888912491123507,1699051777138.0,500,
6545790bdb9a5ae40af145ad,0.07265336704487421,558.4096309361515,0.14805722988658254,1699051787122.0,524,
65457915db9a5ae40af145b6,0.08111760465986766,555.5077183617366,0.14814737236496608,1699051797127.0,585,
6545791fdb9a5ae40af145bf,0.07406128424169953,563.0061528869668,0.14742535567373485,1699051807125.0,509,
65457929db9a5ae40af145c8,0.05575157242775931,562.8900215727505,0.14573092104472377,1699051817174.0,569,
65457933db9a5ae40af145d1,0.046372615987931895,560.2079534552628,0.14409302436363272,1699051827168.0,548,
6545793ddb9a5ae40af145da,0.01856699746075278,564.5224544490615,0.14415483433076917,1699051837171.0,552,
65457947db9a5ae40af145e3,0.027106412304375216,562.7678952791866,0.14332351632246115,1699051847160.0,584,
65457951db9a5ae40af145ec,0.028575072421617238,565.7024804910452,0.1423607937432216,1699051857187.0,551,
6545795bdb9a5ae40af145f5,0.02610049127944797,566.224429085803,0.14152466737212738,1699051867232.0,575,
65457966db9a5ae40af145fe,0.021772424289091652,564.9014227863826,0.14093340980782082,1699051877554.0,552,
6545796fdb9a5ae40af14607,0.025373524643743407,565.4301799648277,0.14006832202088607,1699051887186.0,545,
65457979db9a5ae40af14610,0.026337864571918147,562.5972524741895,0.13913871695647884,1699051897228.0,573,
65457983db9a5ae40af14619,0.06282517256953205,564.1513652274542,0.13838097930751642,1699051907245.0,498,
6545798ddb9a5ae40af14622,0.05562297300204094,560.7657434622621,0.13733028170519088,1699051917288.0,552,
65457997db9a5ae40af1462b,0.08216625796805359,557.6746464681539,0.13813233910176964,1699051927226.0,508,
654579a1db9a5ae40af14634,0.04992843805420575,559.5051277693361,0.13699460834984856,1699051937299.0,540,
654579abdb9a5ae40af1463d,0.046261106469781335,557.7072762843164,0.1358625959076814,1699051947285.0,555,
654579b5db9a5ae40af14646,0.028285684664219313,562.2112186254947,0.13508621921944025,1699051957348.0,588,
654579bfdb9a5ae40af1464f,0.032483148224348356,566.3050187367452,0.13417107474208198,1699051967281.0,540,
654579c9db9a5ae40af14658,0.03366838594101813,565.731299213194,0.13324280566110985,1699051977359.0,561,
654579d3db9a5ae40af14661,0.060097663228353915,562.6962980972656,0.13259600427047463,1699051987334.0,501,
654579dddb9a5ae40af1466a,0.08750737299132667,559.816352840031,0.13397594033114973,1699051997339.0,495,
654579e7db9a5ae40af14673,0.08823386091722353,553.0672479119511,0.13530556666748106,1699052007359.0,559,
654579f1db9a5ae40af1467c,0.07428124857906063,557.9448487515998,0.13536198438049507,1699052017316.0,516,
654579fbdb9a5ae40af14685,0.03847526747727935,560.8912526370291,0.1344819371650132,1699052027366.0,548,
65457a05db9a5ae40af1468e,0.040677697870866746,559.2015677079498,0.1335978928858907,1699052037362.0,569,
65457a0fdb9a5ae40af14697,0.020907325047691917,564.1314961530455,0.13332062817840443,1699052047364.0,552,
65457a19db9a5ae40af146a0,0.042509594816952004,564.8437853420849,0.1324583239940905,1699052057417.0,519,
65457a23db9a5ae40af146a9,0.042479888432888836,560.4393596580744,0.1316191295103219,1699052067370.0,551,
65457a32db9a5ae40af146b4,0.03740663369993773,559.7572166508965,0.13084040937482944,1699052082055.0,556,
65457a3cdb9a5ae40af146bd,0.010580562168152341,563.3897031013605,0.1311310854206851,1699052092146.0,559,
65457a46db9a5ae40af146c6,0.03525417778712148,564.1256724588224,0.13038874289859814,1699052102226.0,517,
65457a50db9a5ae40af146cf,0.03659055367369795,560.9755249181418,0.12964428749866302,1699052112254.0,555,
65457a5adb9a5ae40af146d8,0.03699227959518926,559.8822547915719,0.12891136682471538,1699052122265.0,565,
65457a64db9a5ae40af146e1,0.04886060176113849,564.5053259366402,0.12821802748947952,1699052132232.0,501,
65457a6edb9a5ae40af146ea,0.06295315206912377,560.2196008437093,0.12791964029381195,1699052142310.0,532,
65457a78db9a5ae40af146f3,0.08056373881130038,556.2993982058485,0.1286069532190168,1699052152313.0,593,
65457a82db9a5ae40af146fc,0.04705653068416682,564.429532269176,0.12792930220698165,1699052162353.0,550,
65457a8cdb9a5ae40af14705,0.057426445281714936,567.0125975848687,0.12745156057894536,1699052172315.0,523,
65457a96db9a5ae40af1470e,0.04444516047480897,560.5743323359542,0.12679047661148507,1699052182393.0,548,
65457aa0db9a5ae40af14717,0.042949387554193835,559.9180105612513,0.1261420030595535,1699052192362.0,548,
65457aaadb9a5ae40af14720,0.015227971149830388,562.4427104708684,0.1261801826942865,1699052202345.0,563,
65457ab5db9a5ae40af14729,0.013387780505411503,563.6536106564915,0.1262680040849437,1699052212489.0,554,
65457abfdb9a5ae40af14732,0.0075708014974405465,564.41505867618,0.12661739962379334,1699052222536.0,562,
65457ac9db9a5ae40af1473b,0.016897847752741474,564.1678514206598,0.1264649191725897,1699052232721.0,581,
65457ad3db9a5ae40af14744,0.036720425021193416,566.445729466286,0.12585715636238604,1699052242716.0,526,
65457adddb9a5ae40af1474d,0.05728490721293611,563.9090824192551,0.12549194697614957,1699052252711.0,529,
65457ae7db9a5ae40af14756,0.050797675143771634,558.6367550108578,0.12498781175594749,1699052262753.0,564,
65457af1db9a5ae40af1475f,0.03233861103605461,561.8337062117295,0.12445820070239207,1699052272781.0,550,
65457afbdb9a5ae40af14768,0.01770400426703049,564.1919598018927,0.12428605568263254,1699052282766.0,552,
65457b05db9a5ae40af14771,0.02239313804086808,562.9671855212083,0.12395483795413241,1699052292766.0,550,
65457b0fdb9a5ae40af1477a,0.03664790131453043,563.0041831080383,0.12340265776065215,1699052302811.0,529,
65457b19db9a5ae40af14783,0.051428354411670665,561.0766259627085,0.12296789643351992,1699052312803.0,601,
65457b23db9a5ae40af1478c,0.07225549309769941,564.7502208429836,0.12325262085577124,1699052322815.0,520,
65457b2ddb9a5ae40af14795,0.06648603916379484,565.3647490473784,0.12326186194438125,1699052332797.0,540,
65457b37db9a5ae40af1479e,0.06401465799238479,558.9456249110947,0.12317090772417152,1699052342812.0,594,
65457b41db9a5ae40af147a7,0.07002758076045075,565.297605278687,0.12331471408919636,1699052352831.0,512,
65457b4bdb9a5ae40af147b0,0.05978992546691734,564.0236293460724,0.12308113551182956,1699052362868.0,555,
65457b55db9a5ae40af147b9,0.051974816290817995,559.3701122701754,0.12267636944797969,1699052372917.0,580,
65457b5fdb9a5ae40af147c2,0.02369335474439423,565.6851378722187,0.12239594161217235,1699052382961.0,555,
65457b69db9a5ae40af147cb,0.02806457239051044,566.1548445040914,0.12202127285016479,1699052392950.0,550,
65457b73db9a5ae40af147d4,0.05766028105371479,563.3023048667309,0.12175957621166024,1699052402940.0,501,
65457b7ddb9a5ae40af147dd,0.05837265926210187,558.7001305068165,0.12151837831079658,1699052412947.0,547,
65457b87db9a5ae40af147e6,0.05179768236783247,557.568449691142,0.12114578485919944,1699052422966.0,563,
65457b91db9a5ae40af147ef,0.01426815429904461,563.5543937482912,0.1211684860183056,1699052433039.0,557,
65457b9bdb9a5ae40af147f8,0.011113903358337267,564.6552004203265,0.12128716470032558,1699052442978.0,558,
65457ba5db9a5ae40af14801,0.017568551610843836,564.1443425373615,0.12116311191007104,1699052453011.0,581,
65457bafdb9a5ae40af1480a,0.03632293222324358,566.0561414512638,0.1207232611695975,1699052463004.0,530,
65457bb9db9a5ae40af14813,0.07744277781035193,564.2373503598092,0.12123969176460356,1699052473040.0,497,
65457bc3db9a5ae40af1481c,0.07281738356482362,556.294131188279,0.12152012702831984,1699052483045.0,548,
65457bcddb9a5ae40af14825,0.08904224438732052,557.2358139799205,0.12263476237874894,1699052493036.0,499,
65457bd7db9a5ae40af1482e,0.08282880217955227,558.3230463058619,0.1233443815455043,1699052503034.0,500,
65457be1db9a5ae40af14837,0.09309563485088608,553.3000243957564,0.12462008724550389,1699052513001.0,529,
65457bebdb9a5ae40af14840,0.0685391093212148,555.9379009511972,0.1246559953187335,1699052523004.0,533,
65457bf5db9a5ae40af14849,0.03126969431769435,559.2811296481467,0.12429042985159908,1699052533040.0,562,
65457bffdb9a5ae40af14852,0.023896422572294535,562.0749613091833,0.1240443797188866,1699052543054.0,549,
65457c09db9a5ae40af1485b,0.017363812816201384,563.9141353304194,0.12394891684200873,1699052553054.0,551,
65457c13db9a5ae40af14864,0.043055993188862426,562.7864797151638,0.12354242470634431,1699052563080.0,613,
65457c1ddb9a5ae40af1486d,0.05034991819731317,567.8138693959366,0.1231960799053365,1699052573093.0,543,
65457c27db9a5ae40af14876,0.04752533733320215,568.3658357087127,0.12282663626691899,1699052583217.0,577,
65457c31db9a5ae40af1487f,0.0411126414131634,564.2688668226643,0.12243352238660718,1699052593089.0,602,
65457c3bdb9a5ae40af14888,0.044733150047653436,569.4854409231303,0.12205650302126866,1699052603095.0,539,
65457c45db9a5ae40af14891,0.05706120919498213,567.000008128239,0.12183286460770551,1699052613090.0,539,
65457c4fdb9a5ae40af1489a,0.04773019771733742,560.7983304571436,0.12148527006508969,1699052623091.0,542,
65457c59db9a5ae40af148a3,0.05588194265693315,561.046522602128,0.12124648689453985,1699052633111.0,519,
65457c64db9a5ae40af148ac,0.09481860839895737,559.4258227568256,0.12251956413783932,1699052643432.0,673,
65457c6ddb9a5ae40af148b5,0.12332688092585387,569.0657067262466,0.1258243728891371,1699052653121.0,508,
65457c77db9a5ae40af148be,0.11264120993575678,487.88481201813,0.12809588968545643,1699052663224.0,513,
65457c81db9a5ae40af148c7,0.12154733217057252,473.05985859623,0.13092453542228488,1699052673303.0,588,
65457c8bdb9a5ae40af148d0,0.11842425554183174,480.1470187208963,0.1333704754070271,1699052683295.0,540,
65457c95db9a5ae40af148d9,0.1318368862493513,482.72645200858955,0.13672495271561827,1699052693299.0,530,
65457c9fdb9a5ae40af148e2,0.11976470571421718,477.5403828472744,0.13900044785389784,1699052703258.0,568,
65457ca9db9a5ae40af148eb,0.12420004735484193,479.9686062299447,0.14147538039077892,1699052713266.0,548,
65457cb3db9a5ae40af148f4,0.12993329080907692,481.6530389809733,0.1442376655063202,1699052723295.0,539,
65457cbddb9a5ae40af148fd,0.1030875040491557,479.0642848817142,0.14526660275754136,1699052733314.0,520,
65457cc7db9a5ae40af14906,0.09588078825844798,476.5593674299636,0.14593372121145556,1699052743306.0,531,
65457cd1db9a5ae40af1490f,0.11205006940682667,475.78964062700794,0.1473496360112019,1699052753351.0,563,
65457cdbdb9a5ae40af14918,0.09810933689845766,479.6236348888373,0.14804991208249732,1699052763331.0,498,
65457ce5db9a5ae40af14921,0.11039976490166406,476.77460725791735,0.14929199067219157,1699052773380.0,554,
65457cefdb9a5ae40af1492a,0.10889590959681258,475.780826381288,0.15041508679102994,1699052783334.0,560,
65457cf9db9a5ae40af14933,0.11648755767266597,481.4462588026472,0.15188056655342985,1699052793326.0,512,
65457d03db9a5ae40af1493c,0.1122183621378108,477.7561292410742,0.1530767077692789,1699052803362.0,547,
65457d0ddb9a5ae40af14945,0.11382107163540892,476.4674763855041,0.15430826417976082,1699052813359.0,564,
65457d17db9a5ae40af1494e,0.13458393732140378,481.1637976869328,0.15664213572412333,1699052823360.0,548,
65457d21db9a5ae40af14957,0.13402675945493348,481.2957074332241,0.1588451365537253,1699052833385.0,550,
65457d2bdb9a5ae40af14960,0.1467018140741098,480.03131908167614,0.16175302259834343,1699052843394.0,595,
65457d36db9a5ae40af14969,0.1635347532653132,484.1093261115105,0.16570573949439982,1699052853417.0,585,
65457d3fdb9a5ae40af14972,0.14493271395398746,563.1879795266027,0.16822026958047612,1699052863393.0,605,
65457d4adb9a5ae40af1497b,0.09102396622530085,568.3556352750633,0.16832108138610252,1699052873774.0,551,
65457d53db9a5ae40af14984,0.044020608709600374,566.2674872054546,0.16788639034869046,1699052883440.0,549,
65457d5edb9a5ae40af1498d,0.04867318478646261,559.3282114177349,0.1674470259702743,1699052893483.0,610,
65457d68db9a5ae40af14996,0.07585208995874723,564.3088190945532,0.16722993739761657,1699052903521.0,507,
65457d72db9a5ae40af1499f,0.07014693957885737,562.9571275301014,0.16693125034235584,1699052913554.0,555,
65457d7cdb9a5ae40af149a8,0.04253852422025593,554.1347659274059,0.16652079824879046,1699052923544.0,554,
65457d86db9a5ae40af149b1,0.009862893902222246,560.284556864329,0.16657753541337694,1699052933844.0,552,
65457d90db9a5ae40af149ba,0.03775013018977371,559.9794265476145,0.1661960520164215,1699052943820.0,510,
65457d9adb9a5ae40af149c3,0.059984464241335286,555.8790024767035,0.16581634317362037,1699052953813.0,521,
65457da4db9a5ae40af149cc,0.09071184471922952,551.3808175180969,0.16592710413515382,1699052963825.0,498,
65457daedb9a5ae40af149d5,0.06419745949844335,550.6463411242072,0.16558546338431834,1699052973865.0,561,
65457db8db9a5ae40af149de,0.07976455150159976,553.482826366575,0.1654576507767835,1699052983837.0,497,
65457dc2db9a5ae40af149e7,0.07214270161451455,555.8148178944126,0.1652097770266203,1699052993886.0,607,
65457dccdb9a5ae40af149f0,0.0693145623374552,557.386156923318,0.16492844181654695,1699053003868.0,563,
65457dd6db9a5ae40af149f9,0.041439603029161824,567.5424856798554,0.1645553751335446,1699053013875.0,551,
65457de0db9a5ae40af14a02,0.01972080388193534,561.0356468747033,0.1644251049412473,1699053024120.0,572,
65457deadb9a5ae40af14a0b,0.034788426154572456,561.3526578590202,0.16409836418845036,1699053033903.0,532,
65457df4db9a5ae40af14a14,0.05003681261034124,560.475033909141,0.16371463683962043,1699053043909.0,521,
65457dfedb9a5ae40af14a1d,0.0715818609025507,554.2988253901914,0.16348064064582524,1699053053913.0,605,
65457e08db9a5ae40af14a26,0.05710922227645214,560.3342045321958,0.16312217074141686,1699053063929.0,567,
65457e12db9a5ae40af14a2f,0.059613478517306376,567.6390281779738,0.16278043622411764,1699053073913.0,524,
65457e1cdb9a5ae40af14a38,0.038047078180998194,559.1104957691516,0.1624464044543399,1699053083931.0,570,
65457e26db9a5ae40af14a41,0.03696594687222632,557.7076110841367,0.16212155777703488,1699053093981.0,553,
65457e30db9a5ae40af14a4a,0.015918874443241544,562.0967933322614,0.16206453861805598,1699053103960.0,551,
65457e3adb9a5ae40af14a53,0.011467453315886604,559.7626768069663,0.16208715211132638,1699053114156.0,563,
65457e44db9a5ae40af14a5c,0.010765112395926212,560.5680508432962,0.16211456712052738,1699053124147.0,557,
65457e4edb9a5ae40af14a65,0.012303242441069529,561.5650610139602,0.16210183351226648,1699053134184.0,548,
65457e58db9a5ae40af14a6e,0.04117748828993009,560.0059407204344,0.16175473729168635,1699053144188.0,617,
65457e62db9a5ae40af14a77,0.0691300896361276,564.756565717893,0.16152607150295245,1699053154403.0,518,
65457e6cdb9a5ae40af14a80,0.08144297378314494,564.8203639370098,0.1614830971213815,1699053164201.0,532,
65457e76db9a5ae40af14a89,0.0734825046581383,553.4785763716602,0.1613115953783585,1699053174212.0,518,
65457e80db9a5ae40af14a92,0.06588477651300415,554.0171666363011,0.16105211430862232,1699053184208.0,519,
65457e8adb9a5ae40af14a9b,0.056261138169656034,552.2589244219437,0.16072734918694784,1699053194255.0,571,
65457e94db9a5ae40af14aa4,0.03980114443723948,557.1446799395301,0.16040506937048152,1699053204244.0,568,
65457e9edb9a5ae40af14aad,0.025510411617759663,563.529041618505,0.1602001640233194,1699053214248.0,550,
65457ea8db9a5ae40af14ab6,0.018916870085328465,561.5797428145745,0.16008231269108703,1699053224250.0,569,
65457eb2db9a5ae40af14abf,0.03880595556251172,560.9649424138502,0.15976803832260247,1699053234304.0,520,
65457ebcdb9a5ae40af14ac8,0.04361654921037217,558.9981606762934,0.15944052240918188,1699053244294.0,538,
65457ec6db9a5ae40af14ad1,0.04500328873183042,554.2985839132076,0.15911346041427782,1699053254270.0,564,
65457ed0db9a5ae40af14ada,0.04358356018645315,558.9901919358284,0.15879120160643312,1699053264283.0,604,
65457edadb9a5ae40af14ae3,0.039459408723435,565.6883288075375,0.15848346076857214,1699053274281.0,551,
65457ee4db9a5ae40af14aec,0.04351062440598835,566.1451066700708,0.15816617927841242,1699053284368.0,550,
65457eeedb9a5ae40af14af5,0.037172413598642665,559.4176061971332,0.15787301481097107,1699053294303.0,530,
65457ef9db9a5ae40af14afe,0.035608955231476176,557.4786909035056,0.15758999636072993,1699053304621.0,570,
65457f02db9a5ae40af14b07,0.06259388850055082,558.4856982212984,0.15734002469996566,1699053314323.0,503,
65457f0cdb9a5ae40af14b10,0.07445305627312468,557.5431169627803,0.15722229094701948,1699053324317.0,511,
65457f16db9a5ae40af14b19,0.07570961181895028,549.484402173616,0.1571225023068592,1699053334324.0,564,
65457f20db9a5ae40af14b22,0.08042022801764036,555.474045574891,0.15709596881886648,1699053344331.0,494,
65457f2adb9a5ae40af14b2b,0.060521304904590664,555.9168660677615,0.156836346350294,1699053354386.0,539,
65457f34db9a5ae40af14b34,0.059091086289639744,550.9257782898468,0.1565698646983652,1699053364348.0,563,
65457f3edb9a5ae40af14b3d,0.02003147160063571,559.030711773708,0.15645616308950422,1699053374360.0,555,
65457f48db9a5ae40af14b46,0.017713792560750695,561.3890725881754,0.1563719462043521,1699053384382.0,548,
65457f52db9a5ae40af14b4f,0.01071350326984083,559.7506029577769,0.15639599611371285,1699053394371.0,560,
65457f5cdb9a5ae40af14b58,0.020589562220381462,559.9209891175377,0.15626489560441836,1699053404386.0,540,
65457f66db9a5ae40af14b61,0.0324399272476283,559.6713985070944,0.1560177660893189,1699053414396.0,528,
65457f70db9a5ae40af14b6a,0.05605350044546543,555.9974710849499,0.15574869711052647,1699053424403.0,519,
65457f7adb9a5ae40af14b73,0.07582527577300488,553.5840535181788,0.1556691677584085,1699053434416.0,505,
65457f84db9a5ae40af14b7c,0.06634283869857258,551.0557894979182,0.15547683967394912,1699053444417.0,569,
65457f8edb9a5ae40af14b85,0.048776261063740056,555.129554509819,0.1551924213471337,1699053454446.0,545,
65457f98db9a5ae40af14b8e,0.026653908461467923,561.26224887629,0.15500233127893634,1699053464450.0,545,
65457fa3db9a5ae40af14b97,0.021316462628096965,558.1978576566231,0.15486829081832987,1699053474462.0,567,
65457faddb9a5ae40af14ba0,0.019432242525497044,560.1523240680067,0.15475529754992084,1699053484459.0,553,
65457fb7db9a5ae40af14ba9,0.016588031416012172,561.7184954894591,0.15467710914488397,1699053494468.0,550,
65457fc1db9a5ae40af14bb2,0.03277698999103869,559.6736200953453,0.15443755308566412,1699053504493.0,598,
65457fcbdb9a5ae40af14bbb,0.04229161546092612,563.4393570667261,0.1541634332558705,1699053514489.0,541,
65457fd5db9a5ae40af14bc4,0.05892917236610993,564.532426781541,0.15393044749979085,1699053524498.0,527,
65457fdfdb9a5ae40af14bcd,0.0641254890666181,556.0351414944208,0.1537375505946033,1699053534507.0,515,
65457fe9db9a5ae40af14bd6,0.054001248668178806,553.0743439007991,0.15348314526031145,1699053544544.0,547,
65457ff3db9a5ae40af14bdf,0.03414477281402777,554.4645751918636,0.15324496555483058,1699053554540.0,561,
65457ffddb9a5ae40af14be8,0.01605931740089008,559.8812420060062,0.15317680506061193,1699053564548.0,546,
65458007db9a5ae40af14bf1,0.017392071631766766,560.3369090744143,0.1530882207867289,1699053574552.0,552,
65458011db9a5ae40af14bfa,0.01407912194003859,558.954598228418,0.15304097310121395,1699053584558.0,558,
6545801bdb9a5ae40af14c03,0.014935304038643635,560.255676217068,0.15297844477909034,1699053594568.0,545,
65458025db9a5ae40af14c0c,0.024742515912806604,559.8652562296795,0.1528041511209583,1699053604584.0,536,
6545802fdb9a5ae40af14c15,0.0420661970459328,557.3814239744358,0.15254374520711525,1699053614596.0,589,
65458039db9a5ae40af14c1e,0.061742288890843225,560.9024964658425,0.1523497134406378,1699053624610.0,516,
65458043db9a5ae40af14c27,0.08397193621784356,561.1629052451595,0.15243536917751255,1699053634622.0,505,
6545804ddb9a5ae40af14c30,0.10280814956876894,550.6544547508626,0.15292185881769424,1699053644625.0,496,
65458057db9a5ae40af14c39,0.07705294555884026,548.2968183673465,0.15289184473368495,1699053654641.0,543,
65458061db9a5ae40af14c42,0.04144576742727591,551.5667547956136,0.1526399260281927,1699053664675.0,554,
6545806bdb9a5ae40af14c4b,0.010016937953547063,558.7471694993442,0.15265164475382245,1699053674664.0,550,
65458075db9a5ae40af14c54,0.015818152202543595,559.8013131243724,0.15257921988946263,1699053684667.0,545,
6545807fdb9a5ae40af14c5d,0.03618167234793705,558.8413455230215,0.15234262968806286,1699053694686.0,598,
65458089db9a5ae40af14c66,0.054206203207391425,562.8081845265009,0.15211298038694387,1699053704699.0,526,
65458093db9a5ae40af14c6f,0.0756416573837208,563.1958033808775,0.15207212694296013,1699053714709.0,516,
6545809ddb9a5ae40af14c78,0.061448558694150814,553.0366734913282,0.15188588107776257,1699053724759.0,566,
654580a7db9a5ae40af14c81,0.04441649679065072,556.3092178710202,0.15164078427871552,1699053734746.0,546,
654580b1db9a5ae40af14c8a,0.023068486004015162,560.9717037693962,0.15149539377723056,1699053744748.0,546,
654580bbdb9a5ae40af14c93,0.057380811768558235,558.4168289855221,0.15128818513808895,1699053754834.0,496,
654580c5db9a5ae40af14c9c,0.05397967844908534,553.7641953480847,0.15106634173405264,1699053764847.0,549,
654580cfdb9a5ae40af14ca5,0.06411083427253206,552.1208961780104,0.1509078163381272,1699053774842.0,586,
654580d9db9a5ae40af14cae,0.04381867315903415,562.3009379743557,0.15067035821724395,1699053784902.0,528,
654580e3db9a5ae40af14cb7,0.05061967857589181,561.8782083665365,0.15044199790158816,1699053794860.0,546,
654580eddb9a5ae40af14cc0,0.03308871070683752,556.0813118937211,0.1502348530411502,1699053804870.0,559,
654580f7db9a5ae40af14cc9,0.019098030827258843,559.5765463478625,0.1501350541578012,1699053814882.0,547,
65458101db9a5ae40af14cd2,0.031059377417158758,560.1715939313129,0.14993893990894408,1699053824898.0,526,
6545810bdb9a5ae40af14cdb,0.056323672581987574,556.7222883994881,0.1497381094109567,1699053834918.0,515,
65458115db9a5ae40af14ce4,0.07252400796588047,552.9419179228897,0.14967305031779457,1699053844909.0,516,
6545811fdb9a5ae40af14ced,0.08305879041047294,551.5743854683014,0.14975224178762853,1699053854912.0,503,
65458129db9a5ae40af14cf6,0.08109396438250419,550.4612731638321,0.14979917231257325,1699053864914.0,512,
65458133db9a5ae40af14cff,0.0947334920401833,549.5806548993539,0.15008465557033318,1699053874934.0,494,
6545813ddb9a5ae40af14d08,0.07080464225076365,549.047280537563,0.14999689378597586,1699053884957.0,563,
65458147db9a5ae40af14d11,0.048885382416503975,553.1303182656411,0.14977623475591623,1699053894962.0,548,
65458151db9a5ae40af14d1a,0.027437234020164934,560.7693460569818,0.14961434134892868,1699053904983.0,535,
6545815bdb9a5ae40af14d23,0.03992420853114359,557.6779577105275,0.14939735949331528,1699053915003.0,525,
65458165db9a5ae40af14d2c,0.07130722030124614,555.065997767686,0.14931931050371894,1699053925015.0,503,
6545816fdb9a5ae40af14d35,0.08822847794171793,551.6632489983353,0.14947772247313962,1699053935018.0,502,
65458179db9a5ae40af14d3e,0.06832152053565987,548.6124287851575,0.1493688859574608,1699053945065.0,550,
65458183db9a5ae40af14d47,0.03748296515948001,553.0144093134229,0.14916305810138625,1699053955070.0,547,
6545818ddb9a5ae40af14d50,0.013081548514007899,559.020956103563,0.14914678653514526,1699053965072.0,545,
65458197db9a5ae40af14d59,0.040367173540078,558.4555618937218,0.14893533296951625,1699053975105.0,515,
654581a1db9a5ae40af14d62,0.07815827014852597,555.4380655043066,0.14894160377489707,1699053985118.0,494,
654581abdb9a5ae40af14d6b,0.07586162313281346,549.4515130084241,0.14891794459032068,1699053995143.0,560,
654581b5db9a5ae40af14d74,0.08594644375054283,552.8585600680861,0.1490353005498685,1699054005131.0,496,
654581bfdb9a5ae40af14d7d,0.051591917429944636,555.5899062317125,0.14883296117149558,1699054015144.0,544,
654581c9db9a5ae40af14d86,0.07719317341144895,551.6593853665947,0.1488244160349857,1699054025177.0,610,
654581d3db9a5ae40af14d8f,0.06286004955803942,563.6799164379756,0.14867698207183982,1699054035196.0,526,
654581dddb9a5ae40af14d98,0.10422299457115715,564.6791481968905,0.14914184355265334,1699054045225.0,493,
654581e7db9a5ae40af14da1,0.07544363758729213,550.8279318160158,0.1491088089421451,1699054055257.0,556,
654581f1db9a5ae40af14daa,0.05793721749844386,552.3606345275152,0.14893290713877838,1699054065261.0,542,
654581fbdb9a5ae40af14db3,0.018243549086003966,559.3404784485114,0.14886845346881486,1699054075269.0,545,
65458205db9a5ae40af14dbc,0.03463075859994022,557.8104802792304,0.1486856920067225,1699054085291.0,527,
6545820fdb9a5ae40af14dc5,0.041688927280440935,556.5551863267067,0.14848487704880636,1699054095278.0,535,
65458219db9a5ae40af14dce,0.052191663049029204,554.9434240507152,0.14829223027500177,1699054105303.0,589,
65458223db9a5ae40af14dd7,0.060229213535791803,560.7746585506252,0.14813418687589391,1699054115304.0,518,
6545822ddb9a5ae40af14de0,0.053675550353401,561.3459930942677,0.14794803643464713,1699054125346.0,550,
65458237db9a5ae40af14de9,0.036114380796111685,555.1332732553693,0.14776499780905594,1699054135351.0,558,
65458241db9a5ae40af14df2,0.01526778797852224,560.0001935682202,0.1477339548161877,1699054145351.0,549,
6545824bdb9a5ae40af14dfb,0.018331713806183925,560.2225455748923,0.1476686933610886,1699054155372.0,544,
65458255db9a5ae40af14e04,0.042679273901123554,558.6228088526933,0.14747310720864978,1699054165374.0,606,
6545825fdb9a5ae40af14e0d,0.041625552775784835,563.3490929701861,0.1472795831208593,1699054175426.0,554,
6545826adb9a5ae40af14e16,0.034803469288409654,566.64916572603,0.14710349799706302,1699054185447.0,572,
65458273db9a5ae40af14e1f,0.01834864042945818,561.7333704716604,0.14703743418870374,1699054195434.0,546,
6545827edb9a5ae40af14e28,0.015238220169012315,561.7298932030939,0.14700145950429844,1699054205445.0,566,
65458288db9a5ae40af14e31,0.013191993037026232,560.1926507242993,0.14698588546149596,1699054215454.0,562,
65458292db9a5ae40af14e3a,0.01358758481864825,562.3813498099572,0.14696350004808875,1699054225470.0,546,
6545829cdb9a5ae40af14e43,0.014962160421625773,560.4641191494737,0.1469241659364839,1699054235469.0,554,
654582a6db9a5ae40af14e4c,0.02698374302621977,559.1330014240407,0.14678439334810772,1699054245486.0,538,
654582b0db9a5ae40af14e55,0.04598614432670774,558.7229735055686,0.14659507445261305,1699054255499.0,514,
654582badb9a5ae40af14e5e,0.08287191083442493,554.4287400074694,0.14667855838898342,1699054265523.0,494,
654582c4db9a5ae40af14e67,0.07303623680714047,549.3168654422639,0.14664124075412882,1699054275539.0,544,
654582cedb9a5ae40af14e70,0.04918388091881332,551.390766369829,0.1464585539562267,1699054285556.0,543,
654582d8db9a5ae40af14e79,0.01084752147020485,557.8882358680102,0.1464657774381344,1699054295557.0,562,
654582e2db9a5ae40af14e82,0.03319099936195763,559.4567254685069,0.14629940165130859,1699054305577.0,606,
654582ecdb9a5ae40af14e8b,0.04710810598693606,565.6041016355922,0.14611611172172112,1699054315577.0,535,
654582f6db9a5ae40af14e94,0.053296730715644836,564.9883353269327,0.14594787729044462,1699054325603.0,580,
65458300db9a5ae40af14e9d,0.07070712868931608,560.0014975439327,0.1458918671609653,1699054335621.0,496,
6545830adb9a5ae40af14ea6,0.05906392731474581,558.1617809952452,0.1457500659885208,1699054345665.0,546,
65458314db9a5ae40af14eaf,0.06161904594579862,551.8443567361765,0.14562366128406068,1699054355714.0,571,
6545831edb9a5ae40af14eb8,0.0628019644361497,560.6290962247978,0.14550536920261775,1699054365724.0,495,
65458328db9a5ae40af14ec1,0.06266446632550277,556.9146972601703,0.14538668072414548,1699054375742.0,545,
65458332db9a5ae40af14eca,0.05552948107830549,551.617706439193,0.14523111738394953,1699054385744.0,545,
6545833cdb9a5ae40af14ed3,0.013255438715052168,558.1978576566231,0.14521658616159988,1699054395759.0,555,
65458346db9a5ae40af14edc,0.03378592396699223,559.093495789493,0.14505664756267414,1699054405768.0,610,
65458350db9a5ae40af14ee5,0.04392047211815581,565.0600539911178,0.14488008689028625,1699054415781.0,542,
6545835adb9a5ae40af14eee,0.06006009302739472,566.09507263903,0.14474990277391914,1699054425780.0,537,
65458364db9a5ae40af14ef7,0.056084434439957684,557.0842141027896,0.14460091569484054,1699054435788.0,600,
6545836edb9a5ae40af14f00,0.06810912835783442,561.961179858166,0.14452770951426622,1699054445793.0,521,
65458378db9a5ae40af14f09,0.07485349443548789,562.992866123702,0.14451801639020478,1699054455801.0,524,
65458382db9a5ae40af14f12,0.06535485439734082,553.1284347451676,0.14442343482980485,1699054465809.0,578,
6545838cdb9a5ae40af14f1b,0.0442444229304495,558.4089568358506,0.1442519909630353,1699054475839.0,550,
65458396db9a5ae40af14f24,0.0284650145446071,562.837451536936,0.1441222667468164,1699054485847.0,548,
654583a0db9a5ae40af14f2d,0.04441391317105452,559.1105923599451,0.1439523585920646,1699054495864.0,615,
654583aadb9a5ae40af14f36,0.061745663642008244,564.593375572249,0.14383685622898423,1699054505885.0,529,
654583b4db9a5ae40af14f3f,0.08262408477832922,565.5599596429557,0.14392011397250348,1699054515903.0,519,
654583bedb9a5ae40af14f48,0.09111935499855929,553.7159965421206,0.1441237388308518,1699054525925.0,496,
654583c8db9a5ae40af14f51,0.07124563676222592,550.1840575864435,0.14407891915675775,1699054535931.0,546,
654583d2db9a5ae40af14f5a,0.051959337037654,551.8443567361765,0.14392233015757705,1699054545934.0,570,
654583dcdb9a5ae40af14f63,0.020179610007202645,560.5420196244438,0.14385281211836898,1699054555961.0,549,
654583e6db9a5ae40af14f6c,0.03040629845476254,561.7436573911698,0.14371875195121284,1699054565981.0,541,
654583f0db9a5ae40af14f75,0.030001944539336488,558.3519682676766,0.14358677854223345,1699054576004.0,576,
654583fadb9a5ae40af14f7e,0.029167814299655453,560.4243237425455,0.1434589699511982,1699054586026.0,571,
65458404db9a5ae40af14f87,0.02636900612447779,564.4108189725052,0.14334613780775265,1699054596041.0,548,
6545840edb9a5ae40af14f90,0.0464789853103898,561.7812312098472,0.14318455174708133,1699054606061.0,618,
65458418db9a5ae40af14f99,0.052438538787400554,564.8379917568262,0.14303476836948528,1699054616065.0,545,
65458422db9a5ae40af14fa2,0.05997685693057515,567.3307586604701,0.14291622872831458,1699054626081.0,539,
6545842cdb9a5ae40af14fab,0.05796435531866241,557.6547276246871,0.14278827991605442,1699054636093.0,514,
65458436db9a5ae40af14fb4,0.0859386456898333,554.5598137142695,0.1429164454609562,1699054646112.0,495,
65458440db9a5ae40af14fbd,0.07471884427999324,549.4147119160948,0.14291050065415567,1699054656132.0,560,
6545844adb9a5ae40af14fc6,0.049444970011727936,552.9921451355176,0.14275666591638053,1699054666159.0,548,
65458454db9a5ae40af14fcf,0.019379051042290645,560.3880538995805,0.14269718428067651,1699054676163.0,544,
6545845edb9a5ae40af14fd8,0.018078784081276465,558.4941499157311,0.14264735754351845,1699054686207.0,567,
65458468db9a5ae40af14fe1,0.05731204603957613,560.024341266599,0.14251955255412668,1699054696218.0,497,
65458472db9a5ae40af14fea,0.08574059284745635,556.5899590123722,0.1426441275458954,1699054706218.0,499,
6545847cdb9a5ae40af14ff3,0.09723091702242544,547.5038562479834,0.14294085008905685,1699054716231.0,576,
65458486db9a5ae40af14ffc,0.057961939175922725,554.9585405099003,0.1428159223077027,1699054726251.0,560,
65458490db9a5ae40af15005,0.028896777414579973,563.4619593124086,0.1426976823631513,1699054736258.0,548,
6545849adb9a5ae40af1500e,0.03800284865173557,560.3880538995805,0.14254912872106307,1699054746270.0,607,
654584a4db9a5ae40af15017,0.04367452714424497,563.9357854499974,0.14239551267607597,1699054756294.0,579,
654584aedb9a5ae40af15020,0.05875927190064243,568.8897340678055,0.14227702993226926,1699054766366.0,614,
654584b8db9a5ae40af15029,0.046172903537323326,568.3502744860231,0.14212553434558978,1699054776371.0,547,
654584c2db9a5ae40af15032,0.05547964825599133,567.0185772158289,0.14199471478793416,1699054786379.0,538,
654584ccdb9a5ae40af1503b,0.051817790090525034,557.8220711744523,0.14185342224400277,1699054796384.0,595,
654584d6db9a5ae40af15044,0.06482594900467906,561.6672057781025,0.14177103678364983,1699054806399.0,521,
654584e0db9a5ae40af1504d,0.07470172349736931,562.3703384594965,0.1417681857863959,1699054816399.0,519,
654584eadb9a5ae40af15056,0.06344753387316117,552.657554626781,0.14167739495723697,1699054826421.0,569,
654584f4db9a5ae40af1505f,0.07689867331350596,556.9679187873973,0.14169572117317913,1699054836422.0,498,
654584ffdb9a5ae40af15068,0.049675433492105,556.9423222271157,0.14155254515696292,1699054846442.0,558,
65458509db9a5ae40af15071,0.04450392485191465,553.2109232828296,0.1414054814050394,1699054856731.0,546,
65458513db9a5ae40af1507a,0.03342867068478943,559.954795895268,0.141277124182432,1699054866697.0,516,
6545851ddb9a5ae40af15083,0.04344602649151134,555.662107849865,0.14113132799578088,1699054876702.0,574,
65458527db9a5ae40af1508c,0.07120738418207667,557.017373273677,0.14109878615216565,1699054886710.0,508,
65458531db9a5ae40af15095,0.08558965501370425,558.5236101077531,0.1412171889329374,1699054896719.0,495,
6545853bdb9a5ae40af1509e,0.08288531760172728,548.6049912940568,0.14130089567672516,1699054906724.0,562,
65458545db9a5ae40af150a7,0.08690962903854378,553.1733494641521,0.14143312224492877,1699054916812.0,499,
6545854fdb9a5ae40af150b0,0.04846468157563977,556.1346300117415,0.14129203036124052,1699054926741.0,549,
65458559db9a5ae40af150b9,0.07870235390696026,552.5223275158596,0.141327157425866,1699054936756.0,624,
65458563db9a5ae40af150c2,0.051877486508289564,565.4490734120003,0.14119287535112574,1699054946754.0,550,
6545856ddb9a5ae40af150cb,0.058750331405965805,568.4878197759888,0.14108155031304737,1699054956763.0,550,
65458577db9a5ae40af150d4,0.04727317029557533,559.2894302141385,0.14094148955622626,1699054966769.0,608,
65458581db9a5ae40af150dd,0.057465880255382684,564.2696998231795,0.14082596700744487,1699054976784.0,533,
6545858bdb9a5ae40af150e6,0.060353334104815026,565.056818199535,0.14072337513783054,1699054986789.0,590,
65458595db9a5ae40af150ef,0.0603685212329519,560.6038860276902,0.1406212512054556,1699054996791.0,519,
6545859fdb9a5ae40af150f8,0.07595895657360263,561.5628394257093,0.14062961387690587,1699055006808.0,508,
654585a9db9a5ae40af15101,0.0681869524861863,551.3441613119579,0.14057377832142118,1699055016815.0,562,
654585b3db9a5ae40af1510a,0.0652110587086484,554.8991854672852,0.14049847320012981,1699055026888.0,518,
654585bddb9a5ae40af15113,0.03609732418946912,557.9174062876517,0.14037279619186038,1699055036825.0,548,
654585c7db9a5ae40af1511c,0.033371136238567065,554.9512962003867,0.14025567606528533,1699055046831.0,561,
654585d1db9a5ae40af15125,0.018179097458916726,560.0091765120171,0.14022450707056933,1699055056837.0,546,
654585dbdb9a5ae40af1512e,0.014746677274820943,560.3369090744143,0.14022097212022394,1699055066844.0,556,
654585e5db9a5ae40af15137,0.019278884071288135,559.3107284841086,0.14017928796293366,1699055076848.0,546,
654585efdb9a5ae40af15140,0.011498996711443612,559.6995064280073,0.1402030853993344,1699055086858.0,561,
654585f9db9a5ae40af15149,0.01054657399367612,559.7532109092018,0.14023427473883457,1699055096864.0,557,
65458603db9a5ae40af15152,0.016863920368413603,561.3118965441568,0.14020756257010886,1699055106873.0,538,
6545860ddb9a5ae40af1515b,0.02916895494142559,559.1075014545527,0.14010481722928314,1699055116879.0,538,
65458617db9a5ae40af15164,0.047950643184945144,556.6562202967236,0.139972762502304,1699055126885.0,593,
65458621db9a5ae40af1516d,0.05265205467732476,561.4979304124671,0.1398499050356643,1699055136888.0,531,
6545862bdb9a5ae40af15176,0.06577027740478203,563.0229058604853,0.1397854196288124,1699055146895.0,522,
65458635db9a5ae40af1517f,0.05567835319151447,554.2610100945302,0.13967234392874148,1699055156907.0,572,
6545863fdb9a5ae40af15188,0.03810916744937512,557.6236736845719,0.13954521342810647,1699055166944.0,555,
65458649db9a5ae40af15191,0.02263129740061285,562.5241110027727,0.13947914803253172,1699055176928.0,545,
65458653db9a5ae40af1519a,0.01865823832894763,559.4820805518046,0.13943916003043275,1699055186944.0,549,
6545865ddb9a5ae40af151a3,0.024125457589690764,558.5575617716738,0.13936342336591528,1699055196965.0,547,
65458667db9a5ae40af151ac,0.04033029718968337,558.8925386435845,0.13923433823724785,1699055206966.0,608,
65458671db9a5ae40af151b5,0.0634978732150211,563.8926093652962,0.13915991599675465,1699055216993.0,518,
6545867bdb9a5ae40af151be,0.10426587297327379,563.7124675353903,0.13955036369854923,1699055227017.0,493,
65458685db9a5ae40af151c7,0.08167749292703701,549.7569330975192,0.1396228671817656,1699055237020.0,557,
6545868fdb9a5ae40af151d0,0.05302386100272166,552.4518162365936,0.13950513768945721,1699055247031.0,551,
65458699db9a5ae40af151d9,0.009596924169420065,560.2731591506943,0.13954199209197538,1699055257044.0,553,
654586a3db9a5ae40af151e2,0.037203751526440246,559.684824627393,0.13941934245600984,1699055267056.0,619,
654586addb9a5ae40af151eb,0.04637040342433777,565.5440221620257,0.13929199605610207,1699055277066.0,549,
654586b8db9a5ae40af151f4,0.2406896192400732,481.8409680660466,0.1444520829974892,1699055287089.0,1193,True
654586c2db9a5ae40af151fd,0.2924536280144208,1324.9320761016124,0.15220786872719144,1699055297427.0,1059,True
654586ccdb9a5ae40af15206,0.34176811345753755,987.9498987548626,0.16246146156203906,1699055307272.0,1202,True
654586d7db9a5ae40af1520f,0.32843342731986946,1197.6266175297133,0.17104256136602697,1699055317279.0,2698,True
654586dfdb9a5ae40af15218,1.170378279333932,2587.2112810207254,0.26554761296386414,1699055327293.0,685,True
654586eadb9a5ae40af15221,1.2121721993895291,818.434444313973,0.33414044827141676,1699055337300.0,1175,True
654586f4db9a5ae40af1522a,1.0695060108013323,1229.6368586807966,0.3774476910699311,1699055347300.0,1090,True
654586fedb9a5ae40af15233,0.1754380118334408,1132.4717803353622,0.37779063948956787,1699055357329.0,1251,
65458708db9a5ae40af1523c,0.12147374936346153,1204.353459281459,0.3776493035530254,1699055367342.0,1055,
65458712db9a5ae40af15245,0.09105909371495081,1198.1421258904154,0.37733428545975467,1699055377329.0,1244,
6545871cdb9a5ae40af1524e,0.07416403792454929,1198.5827293566615,0.37695413931753385,1699055387340.0,1148,
65458726db9a5ae40af15257,0.02713005021167767,1210.563009181011,0.37650425718632824,1699055397364.0,1210,
65458730db9a5ae40af15260,0.040922251750238926,1206.5840396630167,0.37605979999064393,1699055407367.0,1309,
6545873adb9a5ae40af15269,0.056715771852544075,1227.8724426503707,0.3756388315263311,1699055417367.0,1125,
65458744db9a5ae40af15272,0.08958523951655668,1215.5755120184485,0.37532433105867996,1699055427381.0,1106,
6545874edb9a5ae40af1527b,0.06689989775428364,1188.7692295591437,0.3749302046987777,1699055437385.0,1201,
65458758db9a5ae40af15284,0.06399849370368499,1199.6736586750196,0.3745300551518957,1699055447387.0,1108,
65458762db9a5ae40af1528d,0.033378521662493235,1199.2857492755738,0.3740902531743595,1699055457666.0,1208,
65458712db9a5ae40af15245,0.09105909371495081,1198.1421258904154,0.37733428545975467,1699055377329.0,1244,
6545871cdb9a5ae40af1524e,0.07416403792454929,1198.5827293566615,0.37695413931753385,1699055387340.0,1148,
65458726db9a5ae40af15257,0.02713005021167767,1210.563009181011,0.37650425718632824,1699055397364.0,1210,
65458730db9a5ae40af15260,0.040922251750238926,1206.5840396630167,0.37605979999064393,1699055407367.0,1309,
6545873adb9a5ae40af15269,0.056715771852544075,1227.8724426503707,0.3756388315263311,1699055417367.0,1125,
65458744db9a5ae40af15272,0.08958523951655668,1215.5755120184485,0.37532433105867996,1699055427381.0,1106,
6545874edb9a5ae40af1527b,0.06689989775428364,1188.7692295591437,0.3749302046987777,1699055437385.0,1201,
65458758db9a5ae40af15284,0.06399849370368499,1199.6736586750196,0.3745300551518957,1699055447387.0,1108,
65458762db9a5ae40af1528d,0.033378521662493235,1199.2857492755738,0.3740902531743595,1699055457666.0,1208,
6545876cdb9a5ae40af15296,0.04293561814423971,1200.9165090413528,0.37365749561011274,1699055467628.0,1156,
65458776db9a5ae40af1529f,0.027589067066818303,1207.0170227565256,0.3732210003746926,1699055477628.0,1253,
65458780db9a5ae40af152a8,0.03850591293525361,1213.4850978545799,0.3727881723230836,1699055487628.0,1264,
6545878adb9a5ae40af152b1,0.04800468234284281,1227.4541328277708,0.372365967269214,1699055497637.0,1150,
65458794db9a5ae40af152ba,0.3579763778374179,1213.400463076519,0.37587480379019705,1699055507662.0,617,
6545879edb9a5ae40af152c3,0.37218158979719457,605.1621960730723,0.3796690315307275,1699055517651.0,559,
654587a8db9a5ae40af152cc,0.3501129153837502,554.634549721886,0.38287892606982493,1699055527659.0,554,True
654587b2db9a5ae40af152d5,0.037131584549326024,551.8584677147063,0.38243969265307576,1699055537670.0,537,
654587bcdb9a5ae40af152de,0.016219653418121843,550.7158484537803,0.38200956440314976,1699055547671.0,540,
654587c6db9a5ae40af152e7,0.029156856519107745,550.137256127903,0.3815726332371742,1699055557686.0,529,
654587d0db9a5ae40af152f0,0.04166543753556678,549.6652559803605,0.3811406757285998,1699055567690.0,588,
654587dadb9a5ae40af152f9,0.05786195060667226,552.380224459589,0.3807312452718742,1699055577694.0,517,
654587e4db9a5ae40af15302,0.07070027613594959,551.0991830578537,0.3803530957915042,1699055587707.0,511,
654587eedb9a5ae40af1530b,0.06315359014084675,547.6584914342056,0.3799574869340689,1699055597715.0,572,
654587f8db9a5ae40af15314,0.040788981632838284,550.7369326209233,0.37953124913624026,1699055607731.0,550,
65458802db9a5ae40af1531d,0.016578563777008268,552.2065601843279,0.37911159257738264,1699055617739.0,549,
6545880cdb9a5ae40af15326,0.008801905705206003,551.1954877923166,0.3787035993276212,1699055627733.0,562,
65458816db9a5ae40af1532f,0.03856336313506037,551.8558703897684,0.37828061291797693,1699055637898.0,506,
65458820db9a5ae40af15338,0.03761031801358347,549.357141943607,0.3778587091620031,1699055647751.0,551,
6545882adb9a5ae40af15341,0.03204065657076344,549.3788372460297,0.3774369728597981,1699055657760.0,548,
65458834db9a5ae40af1534a,0.01000155843829006,551.1847419969852,0.3770326124214583,1699055667772.0,538,
6545883edb9a5ae40af15353,0.018030500876825176,550.5086735940259,0.37661979755889047,1699055677780.0,536,
65458848db9a5ae40af1535c,0.032376844742746325,549.9620130865031,0.37620237219845015,1699055687782.0,526,
65458852db9a5ae40af15365,0.045049157892821746,549.3248536296728,0.37579314447493156,1699055697792.0,517,
6545885cdb9a5ae40af1536e,0.04293814440877837,548.3881869579419,0.37538350034611423,1699055707821.0,560,
65458866db9a5ae40af15377,0.06353504939224167,550.3508988360321,0.37500709586044734,1699055717814.0,497,
65458870db9a5ae40af15380,0.06803258441959442,548.7684149576778,0.3746428860114304,1699055727801.0,510,
6545887adb9a5ae40af15389,0.07585332427677266,546.7189727978371,0.37430211399636004,1699055737806.0,572,
65458884db9a5ae40af15392,0.07534123646656965,550.6931855204983,0.3739609418651815,1699055747811.0,498,
6545888edb9a5ae40af1539b,0.052047245544703205,549.3494518246731,0.3735686700257545,1699055757844.0,546,
65458898db9a5ae40af153a4,0.03899581468574412,548.7536458550896,0.3731649630879635,1699055767842.0,546,
654588a2db9a5ae40af153ad,0.02624395938032282,550.8578864783266,0.37276147848025637,1699055778093.0,516,
654588acdb9a5ae40af153b6,0.05410052429015767,549.2109278279839,0.3723765638980609,1699055788110.0,504,
654588b6db9a5ae40af153bf,0.06521124496100822,547.2238723945932,0.37201479090963496,1699055798083.0,527,
654588c0db9a5ae40af153c8,0.07762116575712426,547.9727677516943,0.3716885854909477,1699055808116.0,496,
654588cadb9a5ae40af153d1,0.06435083014043833,547.2615081422231,0.3713273028513815,1699055818102.0,576,
654588d4db9a5ae40af153da,0.08217754839451964,550.2952345976566,0.3710185672442773,1699055828104.0,504,
654588dedb9a5ae40af153e3,0.0496048422895394,549.8578654492865,0.37063389293069193,1699055838133.0,546,
654588e8db9a5ae40af153ec,0.038339506483721086,549.0177581517185,0.3702409087658172,1699055848121.0,558,
654588f2db9a5ae40af153f5,0.009855517335262574,551.5092039024656,0.3698635289590089,1699055858131.0,548,
654588fcdb9a5ae40af153fe,0.009011913850943626,551.4896475735213,0.3694884680260569,1699055868140.0,549,
